Link,1,2,3,4,5
https://investors.astronics.com/news-events/ir-calendar,"(Astronics Corporation, NONE, NONE, NONE, May 25 2021, 10:00am EDT, NONE, NONE, NONE, NONE)",EMPTY,EMPTY,EMPTY,EMPTY
http://investors.fullhouseresorts.com/news-event/presentations,"(Ceragon, NONE, NONE, NONE, May 19 2021 - 08:45 am ET, 08:45 am ET, NONE, NONE, NONE, NONE)",EMPTY,EMPTY,EMPTY,EMPTY
https://www.aboutstay.com/news-releases/events,"(Tonix Pharmaceuticals Holding Corp, NONE, NONE, NONE, NONE, , NONE, NONE, NONE, NONE)",EMPTY,EMPTY,EMPTY,EMPTY
https://investor.kimberly-clark.com/events-and-presentations/events,"(The PNC Financial Services Group Inc., NONE, NONE, NONE, NONE, NONE, NONE, NONE, NONE, NONE)",EMPTY,EMPTY,EMPTY,EMPTY
https://ir.sutrobio.com/news-events,"(, NONE, NONE, NONE, Apr 12 2021, 8:45 AM EDT, NONE, NONE, NONE, NONE)",EMPTY,EMPTY,EMPTY,EMPTY
https://investors.switch.com/events-and-presentations,"(Bimini Capital Management Inc., NONE, NONE, NONE, NONE, NONE, NONE, NONE, NONE, NONE)",EMPTY,EMPTY,EMPTY,EMPTY
https://ir.stockpr.com/infusystem/ir-calendar,"(, NONE, NONE, NONE, NONE, NONE, NONE, NONE, NONE, NONE)",EMPTY,EMPTY,EMPTY,EMPTY
http://ir.shutterfly.com/investor-relations,"(The Est√©e Lauder Companies Inc., NONE, NONE, NONE, Aug 19 2021 09:30 AM ET, 09:30 AM ET, NONE, NONE, NONE, NONE)",EMPTY,EMPTY,EMPTY,EMPTY
https://investor.juniper.net/investor-relations/events/default.aspx,"(Arcturus Therapeutics Inc., NONE, NONE, NONE, May 20 2021, 1:30 PM EDT 4:30 PM EDT 1:50 PM EDT 4:00 PM EDT 1:50 PM EST 7:00 AM EST 11:40 AM EST 4:30 PM EST 12:00 PM 1:00 PM EST 6:00 AM EST, NONE, NONE, NONE, NONE)",EMPTY,EMPTY,EMPTY,EMPTY
https://www.ceragon.com/investors/webcasts,"(Stephens Inc., NONE, NONE, NONE, 2019, , NONE, NONE, NONE, NONE)",EMPTY,EMPTY,EMPTY,EMPTY
https://www.tonixpharma.com/news-events/ir-events,"(, NONE, NONE, NONE, May 6 2021, 5:00 PM EDT, NONE, NONE, NONE, NONE)",EMPTY,EMPTY,EMPTY,EMPTY
https://thepncfinancialservicesgroupinc.gcs-web.com/events-and-presentations,"(Full House Resorts Inc., NONE, NONE, NONE, May 19 2021 10:00, 10:00 am PDT, NONE, NONE, NONE, NONE)",EMPTY,EMPTY,EMPTY,EMPTY
https://investors.angiodynamics.com/events.cfm,"(Transcat, NONE, NONE, NONE, NONE, NONE, NONE, NONE, NONE, NONE)",EMPTY,EMPTY,EMPTY,EMPTY
https://ir.biminicapital.com/events-and-presentations/default.aspx,"(Extended Stay America Inc., NONE, NONE, NONE, Feb 26 2021, 8:30 AM EST, NONE, NONE, NONE, NONE)",EMPTY,EMPTY,EMPTY,EMPTY
https://investors.clr.com/event-calendar,"(Kimberly-Clark Corporation, NONE, NONE, NONE, Jul 23 2021, 9:00 AM CDT, NONE, NONE, NONE, NONE)",EMPTY,EMPTY,EMPTY,EMPTY
https://www.elcompanies.com/en/investors/events-and-presentations,"(Sutro Biopharma Inc., NONE, NONE, NONE, May 20 2021, 2:40 pm EDT, NONE, NONE, NONE, NONE)",EMPTY,EMPTY,EMPTY,EMPTY
http://ir.arcturusrx.com/investor-calendar,"(Switch Inc., NONE, NONE, NONE, NONE, NONE, NONE, NONE, NONE, NONE)",EMPTY,EMPTY,EMPTY,EMPTY
https://www.stephens.com/institutional-equities-and-research/research/events/,"(InfuSystem Holdings Inc., NONE, NONE, NONE, May 18 2021, 9:00am ET, NONE, NONE, NONE, NONE)",EMPTY,EMPTY,EMPTY,EMPTY
http://ir.pdf.com/webcasts,"(InfuSystem Holdings Inc., NONE, NONE, NONE, May 18 2021, 9:00am ET, NONE, NONE, NONE, NONE)",EMPTY,EMPTY,EMPTY,EMPTY
https://www.transcat.com/investor-relations/earnings-releases/,"(Juniper Networks, NONE, NONE, NONE, 1999 - 2020, , NONE, NONE, NONE, NONE)",EMPTY,EMPTY,EMPTY,EMPTY
