url,url_id
https://investors.astronics.com/news-events/ir-calendar,1
http://investors.fullhouseresorts.com/news-event/presentations,2
https://www.aboutstay.com/news-releases/events,3
https://investor.kimberly-clark.com/events-and-presentations/events,4
https://ir.sutrobio.com/company-information/presentations,5
https://investors.switch.com/events-and-presentations,6
"https://ir.stockpr.com/infusystem/ir-calendar?InfuSystem%20Holdings,%20Inc.%20Third%20Quarter%202019%20Financial%20Results%20Conference%20CallNovember%2013,%202019%20%E2%80%A2%209:00%20am%20ET",7
http://ir.shutterfly.com/investor-relations,8
https://investor.juniper.net/investor-relations/events/default.aspx,9
https://www.ceragon.com/investors/webcasts,10
https://www.tonixpharma.com/news-events/investor-presentations,11
https://www.halliburton.com/en-US/events/default.page?node-id=hgbr8q6m,12
https://waterscorporation.gcs-web.com/events-and-presentations,13
https://thepncfinancialservicesgroupinc.gcs-web.com/events-and-presentations,14
https://investors.angiodynamics.com/events.cfm,15
https://ir.biminicapital.com/events-and-presentations/default.aspx,16
https://investors.clr.com/event-calendar,17
https://www.elcompanies.com/en/investors/events-and-presentations,18
http://ir.arcturusrx.com/investor-calendar,19
https://www.stephens.com/institutional-equities-and-research/research/events/,20
http://ir.pdf.com/webcasts,21
https://ir.celgene.com/feed/Event.svc/GetEventList?apiKey=BF185719B0464B3CB809D23926182246&eventSelection=0&eventDateFilter=0&includeFinancialReports=true&includePresentations=true&includePressReleases=true&sortOperator=1&pageSize=-1&pageNumber=0&tagList=&includeTags=true&year=-1&excludeSelection=1,22
https://www.transcat.com/investor-relations/earnings-releases/,23
https://ir.collegiumpharma.com/events-and-presentations/event-calendar,24
http://www.cnova.com/en/events-and-presentations/,25
https://investors.itron.com/events-presentations,26
https://www.eplus.com/investors,27
http://ir.berkshirebank.com/event,28
http://ir.whitestonereit.com/Presentations,29
https://bbvausa.investorroom.com/events,30
https://investor.brightview.com/events-and-presentations/events-calendar/default.aspx,31
https://arcb.com/investor-relations/investor-calendar,32
https://oasismidstream.investorroom.com/events-presentations,33
http://zynexmed.investorroom.com/presentations-events-and-webcasts,34
https://investors.hess.com/Events-and-Webcasts,35
http://cel-sci.com/corporate-presentations/,36
https://bernstein.dealogic.com/clientportal/Conferences/Conference?SelectedTab=10,37
https://ir.ea.com/calendar-and-events/default.aspx,38
http://ir.yourstatebank.com/Presentations,39
http://ir.themeetgroup.com/Presentations,40
https://www.selective.com/investors/reports-earnings-and-presentations/presentations,41
https://investors.guess.com/events-and-presentations/upcoming-events,42
https://www.cowen.com/capabilities/conferences-events/,43
https://ir.aon.com/about-aon/investor-relations/events-and-presentations/calendar-of-events/default.aspx,44
https://investors.varian.com/presentations,45
https://investor.fleetcor.com/presentations?c=236217&p=irol-presentations,46
http://www.coremt.com/investor-relations/investor-presentation/,47
https://ir.iovance.com/investor-calendar,48
https://misonix.gcs-web.com/,49
http://investor.lantheus.com/presentations,50
https://investors.adaptivebiotech.com/news-events/events,51
https://ir.efi.com/events-presentations,52
https://investors.cvrpartners.com/investor-presentations?c=220445&p=irol-presentations,53
http://investor.pebblebrookhotels.com/event,54
https://www.ardaghgroup.com/corporate/investors,55
https://investors.pulmonx.com/events-and-presentations,56
https://investor.shpreit.com/corporate-profile/default.aspx,57
http://navios-mlp.irwebpage.com/events.html,58
https://investor.avistacorp.com/events-and-presentations,59
https://www.alleghany.com/investor-relations/events-and-presentations/default.aspx,60
https://www.pumabiotechnology.com/ir_events.html,61
http://investors.potbelly.com/events-presentations,62
http://www.snl.com/IRW/event/4391353,63
https://sparton.com/press-room/,64
https://investor.bootbarn.com/events-and-presentations/default.aspx,65
http://stage.investorroom.com/yalla/Event-Calendar,66
http://ocean-rig.irwebpage.com/presentations.html,67
https://www.royalgold.com/investors/events-presentations/,68
https://investors.ivericbio.com/events-and-presentation,69
https://www.goldmansachs.com/investor-relations/presentations/index.html,70
https://www.harmonybiosciences.com/investors/,71
http://investors.globalnetlease.com/investor-relations/news-events/event-calendar/default.aspx,72
https://investor.cincinnatibell.com/events-and-presentations/default.aspx,73
https://ir.id-systems.com/company-information/presentations,74
https://investors.ubproperties.com/news-events/presentations/default.aspx,75
https://americanstateswatercompany.gcs-web.com/news-events/event-calendar,76
https://heliusmedical.com/index.php/investor-relations/events/upcoming-events,77
https://investors.fcpt.com/overview/default.aspx,78
https://welltower.com/investors/,79
https://investors.cecoenviro.com/events-webcasts-and-presentations,80
https://www.hartenergyconferences.com/future-events-updated,81
http://ir.flooranddecor.com/news-and-events/events-and-presentations/default.aspx,82
https://redrobin.gcs-web.com/calendar-events,83
https://www.arlingtonasset.com/webcasts-and-presentations?ajax=ajax&op=list&direction=past&limit_date,84
http://investors.ccbg.com/Presentations,85
http://investor.pebblebrookhotels.com/Webcasts/Index?keyGenPage=438344,86
https://genuineparts.investorroom.com/events-webcasts,87
http://ir.surgerypartners.com/events-and-presentations/presentations,88
http://investors.cryolife.com/webcasts-and-presentations,89
https://investor.fb.com/investor-events/default.aspx,90
https://investors.hannonarmstrong.com/news-and-presentations/event-calendar/default.aspx,91
https://www.flowersfoods.com/investors/resources/current-investor-presentation,92
https://investors.biontech.de/events-and-presentations,93
http://investors.tcr2.com/,94
http://investor.deltaco.com/news-and-events/events-and-presentations/default.aspx,95
https://ontoinnovation.com/company/events,96
http://ir.hain.com/events-and-presentations/upcoming-events,97
http://ir.eqcre.com/event,98
https://navios.gcs-web.com/event-calendar,99
https://ir.gtbiopharma.com/ir-calendar,100
https://irpages2.eqs.com/websites/primowater/English/3000/investor-calendar.html,101
http://www.interparfumsinc.com/ir_investor_presentation.html,102
https://investors.pluralsight.com/news-and-events/events,103
https://ir.silverbacktx.com/,104
https://ir.usfoods.com/investors/events-and-presentations/default.aspx,105
http://ir.tgtherapeutics.com/events,106
https://investors.alcoa.com/events-and-presentations/events-calendar/default.aspx,107
http://ir.musclepharmcorp.com/MSLP/events/2181,108
https://benitec.com/for-investors/events-and-presentations/,109
https://cuebiopharma.gcs-web.com/events-and-presentations/events/,110
http://www.snl.com/IRW/Presentations/100532,111
https://investor.graniteconstruction.com/,112
https://axsometherapeuticsinc.gcs-web.com/news-releases/upcoming-events?field_nir_news_date_value[min]=,113
http://redrockresorts.investorroom.com/events,114
https://teekay.com/investors/teekay-corporation/financials-presentations/,115
https://investor.insmed.com/events,116
http://www.osg.com/webcasts-and-presentations,117
https://bbgi.com/webcasts-presentations/,118
http://investors.oaktreespecialtylending.com/phoenix.zhtml?c=216346&p=irol-presentations,119
https://investors.cri.com/webcasts-presentations,120
http://irdirect.net/NDRA/corporate_documents_iframe?type=1004&template=dms_years_pagination&hide_title=1&show_html_below=1&sort_dir=desc,121
https://ir.martinmarietta.com/events-presentations,122
https://investors.clr.com/index.php,123
http://ir.spirit.com/overview/default.aspx,124
https://www.veon.com/investors/webcast-details/,125
http://investor.diamondoffshore.com/events-and-presentations/upcoming-events,126
https://investor.theodpcorp.com/news-and-events/events,127
https://investor.firstsolar.com/financial-events/default.aspx,128
https://investors.durect.com/event-calendar/past-events,129
https://investor.synovus.com/events/events-presentations/default.aspx,130
https://investors.enablemidstream.com/events-and-presentations/default.aspx,131
http://ir.tcgbdc.com/events-and-presentations,132
https://investors.mreic.reit/events-presentations/default.aspx,133
https://www.celsiusholdingsinc.com/investors/,134
https://investors.tradeweb.com/events-and-presentations,135
https://ir.superleague.com/company-information/presentations,136
https://ir.covetrus.com/investors/events-and-presentations,137
https://www.allstateinvestors.com/events-and-presentations/calendar,138
https://investor.gatossilver.com/events-and-presentations/events/default.aspx,139
https://ir.catalystpharma.com/events-and-presentations,140
https://investors.cornerstonebuildingbrands.com/events-and-presentations/default.aspx,141
https://phx.corporate-ir.net/phoenix.zhtml?c=111013&p=irol-irhome,142
https://www.onegas.com/investors/events-and-presentations/default.aspx,143
https://ir.athenex.com/investor-calendar,144
https://investor.salemmedia.com/news-events/ir-calendar,145
https://ir.nielsen.com/investor-relations/shareholder-information/annual-meeting/default.aspx,146
http://ir.chiasmapharma.com/events-presentations,147
https://firstindustrialrealtytrustinc.gcs-web.com/events-and-presentations/upcoming-events/,148
https://qumu.com/en/investor-relations/,149
https://ir.intracellulartherapies.com/events-and-presentations,150
http://ir.capitalsouthwest.com/events-presentations,151
http://ir.nuskin.com/events-and-presentations?c=103888&p=irol-calendar,152
http://investors.nninc.com/phoenix.zhtml?c=110673&p=irol-presentations,153
https://ir.usana.com/company-information/presentations,154
https://ir.axogeninc.com/presentations,155
https://investors.novanta.com/presentations-and-events,156
https://www.basices.com/news-media/presentations,157
http://www.lubysinc.com/investors/events/,158
http://investors.protagonist-inc.com/events,159
https://ir.firstoflongisland.com/ir-resources/investor-presentation,160
http://www.purecyclewater.com/investors/,161
https://investor.blackknightinc.com/investors/investor-home/default.aspx,162
https://investors.fedex.com/news-and-events/webcasts-and-presentations/default.aspx,163
https://corp.turtlebeach.com/events-presentations/,164
https://investor.campingworld.com/events-and-presentations/default.aspx,165
http://investor.tomimist.com/TOMZ/webcasts_and_events/2145,166
https://www.investor.fnf.com/news-and-events/presentations,167
http://investors.chefswarehouse.com/events-and-presentations,168
http://investors.uedge.com/,169
https://www.bp.com/en/global/bp-midstream-partners/investor-relations/events---presentations.html,170
https://ir.scynexis.com/presentations,171
https://www.fanniemae.com/portal/about-fm/investor-relations/quarterly-annual-results.html,172
https://www.ge.com/investor-relations/events-reports,173
https://expworldholdings.com/presentation/,174
https://lennoxinternational.gcs-web.com/events-and-presentations/past-events,175
https://investors.tufin.com/home/default.aspx,176
https://investor.qualcomm.com/news-events/ir-calendar,177
https://haemonetics.gcs-web.com/events-presentations,178
https://investors.globelifeinsurance.com/calendar,179
https://investors.f5.com/news-and-events/events-and-presentations/default.aspx,180
https://investor.avalara.com/press-releases/events-and-presentations/default.aspx,181
https://ir.blackhillscorp.com/events-presentations/default.aspx,182
http://investors.myokardia.com/events-and-presentations,183
https://investor.mylan.com/events-presentations,184
http://www.piperjaffray.com/2col.aspx?id=365,185
https://ir.syros.com/presentations,186
https://www.diamondbackenergy.com/investors/events-presentations,187
https://investor.seer.bio/news-and-events/investor-calendar,188
https://ir.rh.com/financials-filings/quarterly-earnings,189
https://investor.cree.com/financial-events-presentations,190
https://bench.investorroom.com/Investor-Events,191
https://www.ibm.com/investor/events,192
https://investor.stamps.com/company-information/presentations,193
https://ir.oled.com/shareholders/events-and-presentations/default.aspx,194
https://investor.precisionbiosciences.com/events-and-presentations,195
https://ir.everbridge.com/events-presentations,196
https://investor.calamp.com/events-and-presentations/default.aspx,197
http://phx.corporate-ir.net/phoenix.zhtml?c=176673&p=irol-calendar,198
https://investors.saic.com/feed/Event.svc/GetEventList?apiKey=BF185719B0464B3CB809D23926182246&LanguageId=1&eventSelection=0&eventDateFilter=0&includeFinancialReports=true&includePresentations=true&includePressReleases=true&sortOperator=1&pageSize=-1&pageNumber=0&tagList=&includeTags=true&year={YYYY}&excludeSelection=1,199
http://www.snl.com/IRW/event/4040227,200
https://ir.veeva.com/investors/news-and-events/events-and-presentations/default.aspx,201
https://www.eaton.com/us/en-us/company/investor-relations/investor-toolkit/financial-reports/annual-investor-conference.html,202
http://www.lexpharma.com/events,203
https://investor.ajg.com/event-calendar,204
https://investor.equifax.com/news-and-events/events-and-presentations,205
https://ir.ziopharm.com/events.cfm,206
https://ir.wingstop.com/home/default.aspx,207
https://gentherm.gcs-web.com/events,208
http://investors.viasat.com/events.cfm,209
https://www.seic.com/webcasts-events,210
http://www.nglenergypartners.com/investor-relations/presentations/,211
https://investors.power.com/investors/events-and-presentations/default.aspx,212
https://quotientbd.com/media/events-and-presentations,213
https://www.diggersndealers.com.au/,214
https://ir.brileyfin.com/overview,215
http://investors.oceaneering.com/presentations-and-webcasts/default.aspx,216
https://www.teledyne.com/investors/presentations,218
https://concurrentcomputercorporation.gcs-web.com/events-and-presentations,219
http://ir.transenterix.com/events-and-presentations,220
https://ir.capstarbank.com/events-and-presentations/upcoming-events,221
https://investors.adient.com/events-and-presentations/events,222
https://www.amtd.com/investor-relations/calendar/default.aspx,223
http://investors.brighthorizons.com/,224
https://ir.spirit.com/resources/events-presentations/default.aspx,225
http://www.citiconferences.com/,226
https://bbt.investorroom.com/webcasts-and-presentations,227
https://ir.eigerbio.com/events-presentations,228
https://ir.motorsportgames.com/news-and-events/events,229
https://ir.livent.com/financials-and-filings/calendar-of-events/default.aspx,230
http://investor.mercadolibre.com/events-and-presentations/events,231
http://investor.clearwayenergy.com/events-and-presentations/presentations,232
http://ir.firstcash.com/events-and-presentations,233
https://ir.limbachinc.com/ir-calendar,234
https://ir.jamf.com/news-events/presentations,235
https://ir.cerus.com/news-and-events/annual-meeting/default.aspx,236
https://investor.onemainfinancial.com/event/event-calendar/default.aspx,238
https://www.wabashnational.com/events,239
https://www.epgconference.com/open_access/generalinfo.aspx,240
https://www.checkpoint.com/about-us/investor-relations/,241
http://goodrichpetroleumcorp.investorroom.com/events,242
https://investor.synlogictx.com/news-and-events/event-calendar,243
https://investors.freshpet.com/investors/calendar-of-events/upcoming-events/default.aspx,244
https://www.argolimited.com/investors/presentations/,245
https://cloudflare.net/events-and-presentations/default.aspx,246
https://www.pepsico.com/investors/financial-information/events-and-presentations,247
https://ir.shockwavemedical.com/news-events/investor-calendar,248
https://investor.limoneira.com/events-presentations,249
https://investor.lilly.com/webcasts-and-presentations,250
https://www.hematology.org/meetings/annual-meeting,251
https://investor.everspin.com/phoenix.zhtml?c=254442&p=irol-calendar,252
https://ir.sitomobile.com/,253
https://investors.brown-forman.com/events-and-presentations,255
https://www.e2open.com/events/,256
https://investors.tranetechnologies.com/news-and-events/events/default.aspx,257
http://investors.otonomy.com/events-and-presentations/upcoming-events?c=234082&p=irol-calendar,258
https://www.adm.com/investors/presentations,259
http://investor.columbia.com/events,260
https://ir.jll.com/overview/default.aspx,261
https://ir.true.com/events-presentations,262
https://ir.bbxcapital.com/news-events/ir-calendar,263
https://www.sunocolp.com/investors/,264
https://ir.ifinancial.com/event,265
http://ir.iretapartments.com/event,266
https://investor.lovesac.com/news-and-events/presentations,267
https://ir.corcept.com/events,268
https://company.clearchanneloutdoor.com/investor-relations/,269
https://www.snapon.com/EN/Investors/Financial-Information/Quarterly-Earnings,270
https://investors.crc.com/events-and-presentations/,271
https://investor.dolby.com/event-calendar,272
https://investors.hbfuller.com/events-and-presentations/presentations/default.aspx,273
https://bristolmyers2016ir.q4web.com/iframes/events-and-presentations/default.aspx,274
http://ir.lajollapharmaceutical.com/,275
https://alliedmotiontechnologiesinc.gcs-web.com/events-and-presentations,276
https://www.constellium.com/financial-listing,277
https://khov.gcs-web.com/,278
https://ir.viveve.com/presentations,279
https://www.adobe.com/investor-relations/calendar.html,280
http://ir.ameriprise.com/event-calendar,281
http://sbgi.net/investor-relations/,282
https://investors.tpgrefinance.com/investor-home/default.aspx,284
https://investor.sangamo.com/,285
https://ir.bookingholdings.com/events-presentations,286
https://investor.meridianbioscience.com/events-and-presentations?c=117257&p=irol-presentations,287
https://ingredion.gcs-web.com/events-and-presentations/presentations,288
https://ir.verramobility.com/news-and-events/investor-calendar,289
http://www.genesisenergy.com/investors/presentations/,290
https://www.jpmorgan.com/commercial-banking/news-events,291
https://investors.rtx.com/,292
https://investor.trimble.com/events-presentations,293
https://www.frontline.bm/category/presentations/,294
https://ir.criver.com/calendar/upcoming-events,295
https://ir.certara.com/news-events/events,296
https://ir.shiftpixy.com/events-and-presentations,297
https://www.provectusbio.com/annual-meeting,298
https://investors.nanox.vision/events-presentations/events,299
https://www.westlake.com/newsroom,300
https://investors.diffusionpharma.com/presentations/default.aspx,301
https://ir.sm-energy.com/ir-home/news-and-events/events-and-presentations/default.aspx,302
https://investor.teradata.com/news-and-events/calendar-of-events/default.aspx,303
https://investors.statestreet.com/investor-news-events/archived-presentations/default.aspx,304
https://www.aethlonmedical.com/news-media/events,305
http://www.pnmresources.com/investors/events-and-presentations.aspx,306
https://investor.albertsonscompanies.com/Event-Calendar,307
http://investor.brandywinerealty.com/Presentations,308
http://ir.myomo.com/events-and-presentations,309
https://ir.smith-wesson.com/events,310
https://houstonamerican.com/,311
http://investor.entegris.com/events-and-presentations,312
http://ir.halliburton.com/news-and-events/event-calendar,313
https://invest.jacobs.com/investors/Webcasts-Presentations/,314
https://investors.inhibitortx.com/events-and-presentations,315
https://ir.murphyoilcorp.com/overview/default.aspx,316
https://ir.kindermorgan.com/events-and-presentations/default.aspx,317
http://ir.cnoinc.com/investors/webcasts/default.aspx,318
https://investors.bakerhughes.com/events,319
https://investor.snap.com/events-and-presentations/events,320
https://investor.voxeljet.com/events-and-presentations/default.aspx,321
http://www.valhi.net/news-releases,322
http://corporate.ferrari.com/en/investors/events-and-presentations/financial-corporate-calendar,323
https://fmccorp.gcs-web.com/calendar-events,324
https://cernercorporation.gcs-web.com/events-and-presentations,325
https://ir.rhythmtx.com/events-and-presentations,326
https://ir.virios.com/events-presentations/events,327
https://www.idahofirstbank.com/about-us/investor-relations,328
https://www.rmrgroup.com/investors-and-media/events-and-presentations/default.aspx,329
https://www.flotekind.com/index.php/investor-relations/itemlist/category/106-webcast,330
https://ir.consolidated.com/events-presentations,331
https://investors.parker.com/presentations-webcasts/webcasts,332
http://lifetimebrands.gcs-web.com/events-and-presentations,333
https://investor.seattlegenetics.com/events-and-presentations/default.aspx,334
https://www.momentapharma.com/News-or-Events/events-and-presentations/default.aspx,335
https://exterran.gcs-web.com/events,336
http://ir.navios-acquisition.com/events-and-presentations/upcoming-events,337
https://investors.schneider.com/investors/events/default.aspx,338
https://investors.hookerfurniture.com/events,339
http://www.stratusproperties.com/investors/,340
https://ir.pros.com/news-and-events/default.aspx,341
https://ir.ehealthinsurance.com/,342
https://investor.fastenal.com/news-releases/default.aspx,343
https://investors.hbfuller.com/events-and-presentations/events-calendar/default.aspx,344
http://vantagedrilling.com/investor-relations/presentations/,345
https://fisglobal.gcs-web.com/presentations,346
https://ir.netscout.com/investors/events-and-presentations/events-calendar/default.aspx,347
https://ir.codiakbio.com/news-events/events,348
http://www.dynagaspartners.com/?page=press,349
https://investors.mgmresorts.com/investors/events-and-presentations/events/default.aspx,350
http://investors.jrgh.net/events-and-presentations/presentations,351
https://www.craig-hallum.com/,352
https://www.aga.org/events-community/upcoming-events/,353
https://investors.rrts.com/events-and-presentations,354
https://www.pacificethanol.com/events/,355
http://ir.ntic.com/events-presentations,356
https://cytosorbents.com/investor-relations/events-presentation/,357
https://ir.molsoncoors.com/events-and-presentations/events-and-presentations/default.aspx,358
https://irdirect.net/HCI/corporate_documents?type=1004,359
http://investors.wsfsbank.com/presentations,360
https://investors.xcelenergy.com/news-market-information/event-calendar/default.aspx,361
https://www.sflcorp.com/calendar/,362
https://www.rollins.com/investor-relations/events-and-presentations,363
http://investors.canadiansolar.com/events,364
https://ir.petco.com/news-and-events/events-and-presentations,365
http://www.investors.ups.com/news-and-events/investor-calendar,366
https://investor.aosmd.com/events-and-presentations/events/default.aspx,367
https://investors.globant.com/events,368
https://investors.sci-corp.com/events,369
https://investor.meipharma.com/events-webcasts,370
https://www.realtyincome.com/investors/events-and-webcasts/default.aspx,371
https://investors.cvrenergy.com/presentations,372
https://cswindustrials.gcs-web.com/events-and-presentations/events,373
https://verintsystems.gcs-web.com/webcast,374
http://investor.axcelis.com/events-and-presentations/events,375
http://ir.easterlyreit.com/corporate-profile/default.aspx,376
https://investors.astronovainc.com/investors/events-and-presentations/default.aspx,377
http://ir.firstbusiness.com/Presentations,378
https://investors.fcx.com/investors/presentations/default.aspx,379
http://ir.istar.com/events-presentations,380
https://investors.xpo.com/investor-resources/online-investor-kit,381
https://investors.curtisswright.com/events-and-presentations/default.aspx,382
https://investor.mksinst.com/calendar-of-events,383
http://www.hostessbrands.com/upcoming-events?c=254431&p=irol-calendar,384
http://investors.westerngas.com/webcasts-and-presentations,385
https://investor.pseg.com/investor-news-and-events/presentations/default.aspx,386
https://www.afginc.com/news-and-events/event-calendar?c=89330&p=irol-calendar,387
https://www.pepsico.com/investors/financial-information/financial-news,388
https://www.arcosdorados.com/ir/,389
http://investor.mts.com/events-and-presentations/presentations,390
https://ir.terratechcorp.com/ir-calendar,391
https://qcrh.q4ir.com/news-and-events/presentations/default.aspx,392
https://www.neonode.com/investor-relations/financial-reporting-calendar/,393
https://ir.digitalturbine.com/events,394
https://ir.eargo.com/news-and-events/events-and-presentations,395
https://www.verizon.com/about/investors/investor-calendar,396
https://investor.irobot.com/events-and-presentations/upcoming-events,397
https://www.marathonpetroleum.com/Investors/Events-and-Presentations/,398
https://investors.sailpoint.com/events-and-presentations,399
https://www.howmet.com/investors/,400
https://investor.shentel.com/events-and-presentations,401
https://investor.trueblue.com/news-and-events/events/default.aspx,402
https://investors.seagate.com/events/default.aspx,403
https://ir.expediagroup.com/news-and-events/investor-events/default.aspx,404
http://ir.gciliberty.com/events-and-presentations/upcoming-events,405
https://ir.seacorholdings.com/events-presentations,406
http://investors.universallogistics.com/presentations,407
https://ir.superleague.com/news-events,408
https://ir.compassdiversified.com/events-and-presentations/default.aspx,409
https://www.selective.com/investors/financial-calendar,410
https://vandapharmaceuticalsinc.gcs-web.com/events-and-presentations/,411
https://investor.windstream.com/home/default.aspx,412
https://ir.eagleships.com/presentations,413
http://ir.corporate.murphyusa.com/investor-relations/events-and-presentations/,414
https://ir.amsc.com/events-presentations,415
https://ir.tuesdaymorning.com/events,416
https://ir.americanexpress.com/events/default.aspx,417
http://safebulkers.com/invest_events.htm,418
https://www.netflixinvestor.com/investor-news-and-events/financial-releases/default.aspx,419
https://www.macysinc.com/investors/news-events/ir-calendar,420
https://ir.terratechcorp.com/presentations,421
http://ir.dpwholdings.com/events-and-presentations?c=113943&p=irol-calendar,422
https://investors.kimcorealty.com/Presentations,423
https://verupharma.com/investors/presentations-conference-calls/,424
http://ir.perkinelmer.com/presentations,425
https://ir.take2games.com/past-events,426
http://www.arlp.com/events-and-presentations,427
https://howardbank.q4ir.com/news-events/presentations/default.aspx,428
https://www.corvel.com/investors/webcasts/,429
https://shareholders.stepstoneglobal.com/,430
https://ir.archtherapeutics.com/ir-calendar,431
http://inc.skywest.com/news-and-events/presentations/,432
https://www.alamo-group.com/investor-relations/investor-presentations/,433
http://investors.matadorresources.com/events-and-presentations,435
https://investors.zillowgroup.com/investors/news-and-events/events-and-presentations/default.aspx,436
https://www.aboutschwab.com/financial-reports,437
https://www.peabodyenergy.com/Investor-Info/Shareholder-Information/Presentations,438
https://ir.53.com/events/default.aspx,439
https://ir.epelectric.com/financial-governance-and-regulatory/financials,441
http://www.sdpi.com/Events,442
https://ir.trecora.com/ir-events,443
http://investors.hersha.com/Presentations,444
https://investors.immunome.com/events-and-presentations/default.aspx,445
https://investors.tivityhealth.com/news-and-events/default.aspx,446
http://ir.echostar.com/events-and-presentations,447
https://www.oxy.com/investors/Pages/default.aspx,448
http://bancorpsouth.investorroom.com/webcasts,449
https://teleflexincorporated.gcs-web.com/calendar-of-events,450
http://www.iradimed.com/en-us/investors/events,452
https://ir.cardaxpharma.com/ir-calendar,453
https://investors.kymeratx.com/events-and-presentations,454
http://investors.accuray.com/events-and-presentations/upcoming-events,455
https://ir.boh.com/events-and-presentations/upcoming-events,456
https://corporate.finishline.com/presentations,458
https://ir.heatbio.com/ir-calendar,459
https://quakerchemicalcorp.gcs-web.com/presentations,460
https://investors.soterahealth.com/events-and-presentations,461
https://corporate.oreillyauto.com/investor-relations-news-room,462
https://investor.lkqcorp.com/events-and-presentations/default.aspx,463
https://www.flowersfoods.com/investors/events-and-presentations,464
http://huntington-ir.com/confcall/,465
https://www.manitexinternational.com/eventspresentations.aspx,467
https://investor.agenusbio.com/events-and-presentations,468
https://investors.silkroadmed.com/news-events/events-presentations,469
https://www.humanigen.com/events,470
https://investors.pagseguro.com/news-events/events/,471
https://www.reatapharma.com/investors/,472
http://ir.mammothenergy.com/events-presentations,473
http://investor.apachecorp.com/events.cfm,474
https://ir.tellurianinc.com/ir-calendar,475
http://ir.acacia-inc.com/events-and-presentations/upcoming-events,476
http://ir.wisdomtree.com/events-and-presentations,477
https://ogeenergy.gcs-web.com/events-presentations,478
https://www.servicenow.com/company/investor-relations.html,479
https://investors.gapinc.com/press-releases/default.aspx,481
https://ir.mustangbio.com/corporate-presentation/default.aspx,482
https://investor.autoweb.com/events-and-presentations,483
http://ir.chemed.com/events-and-presentations/upcoming-events,484
https://www.arconic.com/global/en/investors/financial-calendar.asp,486
http://investors.eyepointpharma.com/events-and-presentations,487
https://aarcorp.gcs-web.com/events-and-presentations/upcoming-events?c=117483&p=irol-calendar,488
https://investors.blackline.com/,489
https://www.microchip.com/en-us/about/events,490
https://investors.danaher.com/events-presentations,491
http://ir.minervaneurosciences.com/events-and-presentations,492
https://investors.personalis.com/events,493
https://www.basices.com/investors/news-events/ir-calendar,494
https://investor.ridefox.com/events-and-presentations/presentations/default.aspx,496
https://ir.soliton.com/ir-calendar,497
https://ir.charter.com/events-and-webcasts,498
https://investors.hyatt.com/investor-relations/news-and-events/events-and-presentation/default.aspx,499
https://ir.bsig.com/investor-relations/overview/default.aspx,500